username,tweet,label
safrudi53158735,sekarang dah ditambah utk umroh dan haji buka,0
aureaarayaa,sinovac bnrn gabisa buat ke luar negeri kah,0
IbrahimAyob0805,alhamdulilah terima kasih yb memberi perhatian kpd jemaah umrah sinovac yg perlu b,0
JRKAceh,sabtu minggu puskesmas dan pustu di aceh utara tetap layani vaksinasi bisa pilih sinovac moderna,0
eclipstar_,baru aja selesai vaksin pake sinovac gabisa ke luar negeri dong tapi emang gaada duit juga sih,0
jemcotton_,ehh samaaa kita sinovac kita boleh pergi umrah cumanya kena amik rd dose as booster tuuu,0
nalendraprdm,lagian gue anak rumahan ga mungkin keluar negara sinovac cukup,0
Adrianxxzyh,di ceramahin bunda gara gara vaksin sinovac wkwkwk,0
mbarep_panji,wehh yg vaksin sinovac ga boleh keluar negri waduh ibu gua dulu batu bgt gua bilang vaksinnya nanti aja pas dulu s,0
iktibarikhlas,call china depa tak terima selain sinovac,0
WindaAp57133888,intinya mau vaksin modern atau pfizer tetap harus di booster bukan cuma sinovac aja,0
sekilasaceh,sabtu minggu puskesmas dan pustu di aceh utara tetap layani vaksinasi bisa pilih sinovac moderna,0
dandellilacs,iyaaa nerima kalo sinovac ada beberapa negara yang gak mengakui termasuk thailand makanya yang divaks,0
mahataee,puskesmas daerah ku rata2 sinovac kak bukan pfizer,0
saifulnang,yb kami mohon dipercepat booster shot pfizer bila pm umum boleh keluar negara kami yang dah hampir ta,0
kikincia,sinovac az apa pfizer aku lg otw dosis kedua wkwkwk hayaakuuuuneee dolan dolaaannn,0
SeputarPonorogo,link pendaftaran vaksin gratis di ponorogo tersedia kuota sinovac dosis segera hubungi kontak ini berit,0
Micasaeu,ya allah gue sinovac kmrn plis gue ada rncana mau keluar padahal tch mendokse,0
ariandhka,yang vaksin sinovac emang nggak boleh keluar negeri ya,0
dandellilacs,bener mana bekas disuntiknya sakit banget anjir tapi gpp bersakit sakit dahulu berenang renang kemudian,0
namkooksha,bisaaa tp booster ny ga sinovac,0
jikookpcaran,agak nyesel kenapa kemaren vaksin ga ikut yg disekolah malah ikut yang di luar kalo disekolah harusnya dpt yg pf,0
namulysian,gangerti sih tp ada yg bilang sinovac ga diterima di luar,0
serambinews,titik dimaksud di puskesmas dan puskesmas pembantu pustu dalam kecamatan di aceh,0
sequoiaderie,yaampun serius aku tim basic aka sinovac bisa apahhh,0
kthxkyn,sinovac susah d terima d luar negeri,0
Lantari7,komando distrik militer sleman bekerjasama dengan aparat terkait dan stakeholder kembali melaksanakan serbuan,0
reberrlatte,eh mau nanya dong kalo kita udah vaksin dua kali tapi yg sinovac nah bisa gak kalo vaksin lagi yg pfizer,0
grassontop,kalo dijerman vaksin sinovac gak diakuin sama negara yg diakuin ya moderna astra dan vaksin2 lokal sana,0
Junaidy_Hanafi,arab saudi pun sama melampau betul nak pergi mekkah orang yg ambil vaksin sinov,0
mieghaaaaa,ya allah sama semua pfizer weh i sorang je sinovac dah lah planning nak pergi umrah jugak insyaallah,0
jemcotton_,i dapat sinovac sebab tu gelabah teruk ni family member yg lain semua dalam comfort zone sbb dorang,0
maybecanbeyours,tambahan ya tergantung sama kebijakan negara juga di selain jepang juga ada yg accept pake sinovac,0
maybecanbeyours,ah intinya dia jadi kali gitu vaksinnya kalo buat ke jepang kalo ud,0
qomiyaoff,soalnya kalo sinovac ataupun vaksin indo tuh diluar negeri ga keitung jadi harus vaksin yg beredar di n,0
soulxmateu,beberapa negara ga terima vaksin sinovac saran gue lu tanya dulu udah coba hubungin kedutaan nya gak,0
bluebluethings,iyaaa bener kynya soalnya umroh jg gtutp nanti dikaish booster vaksin sesuai yg diterima dinegara di,0
vindhietama,gw sinovac yg pfizer adek gw efeknya demam juga sama pegel harian tangan,0
nand0___,iya beneran bbrp negara ada yg gk nerima sinovac soalnya made in china,0
axamexo,terus kalo misalkan mau ke luar negeri tapi udah di vaksin sinovac berarti vaksin lagi dong yang varian lain,0
convomf,emg kalo yg kemaren vaksin sinovac nanti bakal ada suntik booster moderna ya,0
5hortc4ke,emg ada beberapa negara yg ga ngizinin sinovac,0
mangomatch,gue mau sinovac atau astra pun juga gak keluar negeri sih yang penting udah vaksin alhamdulillah aja,0
dyah_sulistya,saya teh fid telat bulan habis vaksin sinovac waktu vaksin gak telat,0
bon_2x1,kalo jepang iya harus astra ama apa gitusinovac ga dibolehinkalo selain jepang aku g tau,0
hawaiisunkissed,setahuku memang dibeberapa negara luar ngga pakai vaksin sinovac cuman beda dilama karantina aja misa,0
mas_an2,wes ra sah kakean cangkem aku kiasline ultramen tapi bar vaksin sinovackekuatanku dadi ilang,0
bblueberriy,eh ini seriusan syukurlah mama dah pasrah gagal umroh karna dah terlanjur sinovac,0
thisisillegurl,w yang nya sinovac hanya bs tersenyum,0
avoocadtoast,mau ngurus kewarganegaraan tapi vaksin gue sinovac terhalang kasta vaksin,0
haniiyya,mungkin yg dapet sinovac pas awal awal vaksin jd belum bisa milih klo saat ini udh bnyak macamnya,0
yimaaaaaaa,sinovac boleh asal pake booster ya ga si soalnya kakak aku sinovac terus mau nganter rombongan umroh harus divaksin booster,0
jjkslof,klo mau umroh haji setauku klo sinovac harus dosis cmiiw,0
Chika0699,efek sinovac bikin laper,0
faircyj,ya karena sinovac dah ga digunain lagi di beberapa negara akibatnya ditolak gt ntar,0
faridzdzdz,kalo ke amerika gabisa pake vaksin sinovac ya,0
jemcotton_,okay serious question i saw that kalau nak pergi umrah either ppl injected with pfizer and az je yang lepas kalau,0
yusuprhmn,tadi tuh suntikan diisi sinovac atau diisi scott emulsion ya kok malah lapar mulu,0
guntxrmdp,australia ngga nerima sinovac kayaknya,0
clalareine,yang penting pak jokowi juga sinovac,0
doinyacrush,emang knpa kok sinovac gabisa ke luar negeri,0
dthido26,boleh ga nih gw udh vaksin sinovac tapi vaksin lagi buat yang varian lain like moderna pfizer dkk,0
vindhietama,gw cukup sinovac ajasoalnya manut daerah jogja banyaknya apa aja,0
almauliay,tetanggaku bisa loh ke amrik dia sinovac tp dia emg pertukaran pelajar sih mungkin ada pengecualian,0
vindhietama,efeknya keras pfizer sama moderna nah kalau yg sinovac mau ke keluar negeri gimana ya booster tambaha,0
WindaAp57133888,sebagian negara gk mau terima kalo vaksin nya sinovac kalo mau pergi haji umrah juga gk bisa kalo vaksin nya sinovac,0
kanalauv,kalo kata pak hafan mah tadi bukan masalah mana yg lebih baik cuma emang komponen vaksinnya aja yg beda kalo sino,0
lalavivienrose,ini gak sepenuhnya bener ya beritanya gak semua negara mewajibkan orang buat vaksin dulu orang indo b,0
notelrisa,ada beberapa yg ga nerima sinovac nder,0
SahitaFathur,sinovac yang murahan nder astra itu efektivitas vaksinnya lebih tinggi,0
selalujae,iya sinovac itu ngak di terima di luar soalnya dulu tuh ada yg sinovac gadungan tapi beberapa negara ada yg bolehin kok,0
bngmstkw,nah itu ngeliat katanya jepang ga ada sinovac jadi kek terus ni vaksin gimana,0
tybelleame,bisa sinovac buat abroad tp harus kali cmiiw,0
_stfdhl,katanya gitu nder klo selain sinovac boleh katanya tp tiap negara punya aturan masing2,0
xniaaw,beberapa negara ngebolehin kok kalo negara yg dituju ngga boleh sinovac biasanya dibooster lagi pake astra pfizer moderna,0
Askrlfess,askrl ke korea sama jepang udah boleh pake v ksin sinovac blm ya menurut kalian kebijakan merema bakal berubah ga,0
SyahrulAM13,iya katanya mah gakepake sinovac kalo diluar negri kalo mau keluar negri paling vaksinnya astra,0
peachyEaj,iyaaa setau ku sinovac tidak di akui di luar negri wkkwwkwk jdi hrus booster lgi,0
haze_rays,kalau mau keluar negeri emang gak cukup klo sinovac doang vyr pake booster moderna atau yg lain aja,0
thissjunky,coronavac itu nama riset nya kl sinovac itu produsen pengembangan nya gitu cmiiw,0
tr0uavaille,lah emang kalo vaksinnya jenis sinovac ngga bisa ke luar negeri,0
halosungjin,ga semua negara tapi kebanyakan ga nerima sinovac,0
aneupyo,beberapa negara ga mengakui sinovac jd kalo mau ke ln besok vaksin ke3 booster moderna,0
KancilPutih11,kesian sinovac,0
TehManisPanas4,tahun lalu mereka nyinyir mengenai kehalalan vaksin sinovac sehingga mereka menolak divaksin tetapi tahun ini mere,0
HumasPolsekKed4,polsek kedungwaringin dan pkm kedungwaringin berikan layanan vaksinasi dosis dan vaksin jenis sinovac di aula d,0
FMasriati,mau moderna mau pfizer mau sinovac yg terbaik adalah vaksin yg tersedia dan yg tercepat diakses,0
polresdemk,ayo ikut vaksin merdeka candi polres demak vaksin dosis amp 2 sinovac setiap malam minggu mulai pukul,0
kel_pejuang,halo warga kelurahan pejuang hari ini kembali diselenggarakan gebyar vaksin massal sinovac astrazeneca amp pfizer,0
aurum3as,iya astra sama moderna yg agak keras klo temenku yg dpt sinovac sinopharm yg kerasa paling ngantuk laper capek,0
UMonline,tambah khairy banyak negara islam menggunakan sinovac seperti indonesia pakistan dan turki dan oleh itu penting,0
NunutUswatun,alhamdulillaah gadisku karena mo terbang divaksin sinovac msh dpt haid,0
HBaturiti,ayo hadiri gerai vaksin tni polri yang akan dilaksanakan pada hari senin tanggal oktober jam,0
BorneoSMR,ayo vaksin kelompok suporter republic orange pusamania mengelar vaksinasi massal di areal parkir stadion segiri,0
karimatafm1033,vaksinasi covid 19 makin digenjot stok sinovac di sumenep menipis fit,0
PSelemadeg,ayo hadiri gerai vaksin tni polri yang akan dilaksanakan pada hari senin tanggal oktober jam,0
PolsekPupuan,ayo hadiri gerai vaksin tni polri yang akan dilaksanakan pada hari senin tanggal oktober jam,0
Kotabekasinews,kata siapa vaksin covid belum diuji,0
CNNIndonesia,pemerintah arab saudi mewajibkan jamaah umrah asal ri yang divaksin menggunakan sinovac untuk vaksinasi booster ap,0
HamzahF26388518,salam bertanya yb mohon penjelasan arab saudi tak terima vaksin sinovac utk umrah bila bol,0
Sundafess_,punten mau nanya hari ini atau besok ada yang di daerahnya ngadain vaksin sinovac ga mau vaksin kedua mumpung libur,0
Polsekwangon21,monitoring pelaksanaan vaksinasi astrazaneca dan sinovac di pkm wangon,0
bekokjin,sinovac vaksin ke dua ready kak,0
niksunpcrn,tetep harus sinovac nder bilang ke petugasnya,0
bubblyna_,aku sinovac tp udah mens sih kmrn abis vaksin mungkin agak telatan dikit gitu,0
nisakdisini,di aku sinovac amp 2 ga berasa samsek,0
felixfairydust,mjb heheh tapi aku vaksin pertama pake astrazeneca langsung demam seharian katanya tergolong kuat,0
ftdxxn,emng nya knp kalo vaksin nya sinovac,0
hyuckcarirejeki,selamat pagi pak bu izin bertanya apakah ada jadwal vaksin dosis sinovac pak bu dan kalau say,0
DesaTulusbesar,info vaksin dibuka pendaftaran ulang vaksin dosis sinovac dengan kuota orang khusus warga yang vaksin di,0
yourjoxxy,aku pake sinovac krn baru sku vaksin di sekolah dan yg pake astrazeneca cuma yg udh tahun doang,0
exeuthanasia,di aku ga ada efeknya sih kalo sinovac cuma emg agak pegel aja pas besoknya xixi,0
RidhaRf,vaksin prtama cepet petugasnya bnyak giliran vksin kedua yaallah antrian sinovac pfizer sm moderna digabung,0
anmbrh2,aku dosis sinovac kok ga kerasa ya hehe,0
vinxki,saya sudah divaksin astrazaneca tadi pagi mulai sekarang saya tida mau main sama yang belum vaksin tapi kalo sudah,0
UINSK,info vaksinasi dosis sinovac kolaborasi polri dengan satgas covid 19 uin sunan kalijaga selengkapnya di,0
Humaspolrespas1,giat vaksinasi yang dilaksanakan oleh tim gerai vaksin presisi polres pasangkayu pada hari sabtu tanggal oktober,0
polsekkdrkota2,bktm setonopande aiptu syaifudin yuri di kantor cabang pegadaian jl patimura no 144 kelurahan setonopande kota k,0
PKCTamansari,vaksin malamjl krajinan raya samping mushola peninggalan abad al mahbup kel keagungansinovac dosis amp 219 00 s,0
PKCTamansari,sinovac dosis dan kantor rw maphar masyarakat umum gt 12 th 200 orang 2 kantor rw tamansari masyara,0
ThisHerlambang,min hari ini ada jadwal vaksin sinovac dimana ya buat kecamatan bogor selatan,0
eogiocha,aku vaksin sinovac akhir juni lalu sempat positif dg gejala ringan dinyatakan sembuh juli vaksin,0
nayyoraa,sinovac klo bekas suntik sama tangan sama sekali gak ada efek,0
ddiwaiyaa ak kemaren sinovac jdnya ngga knp2 siii kakk,,0
karinajakpus,dapetnya sinovac,0
Sinovac_pick,semoga slamat smpe tjuan wak,0
Sinovac_pick,semoga da rezeki,0
beutydion,nya gue sinovac,0
Cerita_Parapuan,jadwal vaksinasi sinovac dan astrazeneca di jakarta sabtu oktober,0
zackyrvai,hai temen2 terimakasih respon pengalaman vaksinnya untuk tweetku sebelumnya btw udah jam dr aku vaksin dgn kond,0
erinfd,aku juga gtu habis vaksin sinovac dah bulan ga mens,0
DonAdam68,catet auditorium academic amp researchuin raden intan lampungvaksin astrazenecausia thn ke atasconvention h,0
waterbbeom,enggak teh aku x vaksin sinovac mensnya lancar seperti biasa gak telat sama sekali coba teh tanyak,0
sukamainkehutan,aku vaksin sinovac dosis ke ditanggal agust malah mens dri tanggal agust sampai sept,0
vrelvv,kenapa baru ada vaksin astra sekarang gue udah vaksin sinovac seminggu yang lalu,0
gampangmigrain,dia ga pernah kena covid dia udh vaksin sinovac,0
ujuyuju_,sinovac anj bgt dah masa iya w kena koronce kali setelah vaksin kek paan njir padahal w dirumah aja demiallah,0
polsekkuta,gerai vaksin polri ayoo sobat polri yang belum vaksin atau yang vaksin ke silahkan hadir di gedung rs murn,0
eventsurabaya,halo gais yukkk dengan mendukung program pemerintah pkb mengadakan vaksinasi sinovac dosis dan dengan kuota,0
penkopassus,grup kopassus terus gelar serbuan vaksinasi kepada masyarakat umum dosis 2 sinovac di sendangsari bantul jumat,0
wilofyou dikira vaksin pertama dapetnya astra setelah bulan lebih minggu mau vaksin kedua ternyata vaksin pertama sinova,,0
zazillahf,katanya sinovac cek sertifikat kok ternyata pfizer,0
maudinadah,waduh kenapa ga mau pake sinovac aja yg gaada efek samping nya dampingin jangan sendiri kalo bisa ber,0
SafiraPuspaning,blman nih kayanya ntar nyari sinovac aja deh soalnya gue udh ada antibodi alami juga dr virus corona,0
nsdifa_,alhamdulillah haid ku masih lancar teh kmrn habis vaksin sinovac cuma demam aja teh,0
rifka_seftiani,kalau pfizer dan moderna zat aktifnya ya mrna kalau sinovac zat aktifnya yah in activated virus covid kalau astra,0
KardusIndomie8,aku tidur jam bangun jam buat vaksin sinovac masih okelah dibadan tapi aku saranin mending tidur dulu jangan begadang,0
tinkywinkies_,aku vaksin sinovac dosis kedua pas disuntik kerasa lebih nyeri dari dosis pertama sih nder terus lebih gampang ngantuk,0
0902Trd,kodim berau melalui koramil 05 sambaliung lakukan vaksinasi dosis dua vaksin sinovac,0
sherere_sw,mana ada sinovac juga keluar kota mah masi bisaa,0
shaewonu,gak sakit klau sinovac tapi kamu harus makan minum c1000 dan gak bergadang,0
EnyLove_1,yaa kan modernaaku juga klo selain sinovac ga perlu di booster,0
baramafa,ni kira kira by the end of october ada stok az gak ya di puskesmas kek yang di highlight kalo gak sinovac sama pfi,0
eventsurabaya,halo gais yukkk dengan mendukung program pemerintah pkb mengadakan vaksinasi sinovac dosis dan dengan kuota,0
namjohnnyy,aku udh kali vaksin pake sinovac alhamdulillah gaada efek apa teh apalagi telat mens mungkin tiap org beda beda kali ya,0
hadifianwidjaja,saya dari awal pilih sinovac tentunyahhhh karena saya lebih yakin dengan metode in activated whole virus,0
EnyLove_1,info dong bagaimana cara nya dapat vaksin booster selain sinovac aq bukan nakes syarat masuk ke negara sa,0
PakdeSodik,ude paksin komplit sinovac astra ffizer moderna sinopharm teman dari malaysia datang bole kumpul,0
bdngfess,euy info vaksin sinovac dund,0
txtadit,belum dosis kedua nih kalo pake az lumayan jangkanya tp kalo sinovac ayah saya biasa aja cm lebih sedikit,0
Lantari7,komando distrik militer sleman bekerjasama dengan aparat terkait dan stakeholder kembali melaksanakan serbuan,0
sherlynzlee,kayaknya tergantung merk vksinnyakalau moderna sama az mah siap siap paracetamol sama obat anti muntah pfizer,0
tempodotco rshs bandung riset internal proteksi antibodi dari vaksin sinovac hasilnya,,0
sambatankukabeh,boleh kok sinovac,0
laabilla_,agak nyesel kenapa waktu vaksin pertama kali malah milih sinovac,0
bayiicumi,bolehh kata dr anastesiku kalo udh sinovac x yang ke harus pfizer moderna,0
prettysashimi,jadii kalo aku sinovac pertama keduanya boleh gitu moderna misalkan,0
sapsuper,besok polsek kediri kota vaksin amp jenis sinovac lak mau vaksin vaksin hrs sinovac,0
badutmekdonald,ada ga yg vaksin langsung moderna ga sinovac dulu,0
ShilaNatasha22,baru plan nk travel jauh sikit next year tp lupa team sinovac hahaha takpelaa kita pusing2 dekat2 jelah,0
onenonly57,tapi mr saya penerima sinovac yang tak dianggap vaccinated oleh uk,0
tanciukian,biasakan membaca keterangan di foto info vaksin sabtu oktober jam 00 s d 00 wibsilakan datang ke,0
saoriisaostiram,aku udh vaksin x sinovac alhamdulillah lancar2 aja mens,0
minbisadong,aku sinovac juga nder udh kelar dosis tp gada kek gitu coba periksa dehhh takut ada apaapabtw kalo,0
rinsxl,aku kemaren vaksin kedua sinovac hari kamis terus besoknya jumat sore mens,0
bewara_jabar,cianjur pemerintah sudah menginformasikan terkait vaksin sinovac yang di datangkan langs,0
dinkespati,hingga rabu oktober capaian vaksinasi di pati mencapai sementara untuk bisa mencapai ppkm level dip,0
nihayarina,info jadwal dan lokasi terbaru vaksin jember madiun malang tuban oktober sinovac dan astrazeneca,0
kalibawangkp_,kalurahan wani vaksin dosis akan hadir kembali di kapanewon kalibawang bagi yang sebelumnya menerima vaksin sino,0
galiharlanosa,tolong info vaksin sinovac dosis kedua untuk besok dong,0
capcaey,aku baru kmrn banget divaksin sinovac dan aku lupa kapan terkahir mens 8,0
PiaPinah_MH,antara sinovac dan pfizer sya rasa vaksin pfizer lagi kuat berbanding sinovac pfizer,0
Sek_Cly,untuk pendaftaran vaksin sinovac hari sabtu oktober di klinik polresta bandung jl bhayangkara soreang s,0
PiaPinah_MH,bagi mereka yg ada allergy teruk masa amik vaksin dos pertama kes akan di siasat jik,0
pngfess,lur info vaksin dosis ke2 sinovac hari selasa oktober,0
DMunjungan,antusiasme warga masyarakat sangat tinggi hal tersebut dibuktikan dosis vaksin sinovac habis bahkan mendapatk,0
dinharris,nasib baik ambik sinovac,0
jembermfs,jbrfess info lokasi vaksin dosis sinovac area sumbersari dong terimakasih,0
RainaVerina,sama sinovac jugaa kok jd aku belum vaksin juga ampe sekarang heuu,0
DMunjungan,dalam rangka mensukseskan program vaksin yang dicanangkan oleh pemerintah pusat dengan ini dpd nasdem trenggalek me,0
kissfmjember,penerima vaksin sinovac dan sinopharm bisa berangkat umrah dengan syarat,0
PolresTasikKota,gerai vaksin presisipolres tasikmalaya kotadilaksanakan pada hari tanggal sabtu oktober pukul,0
anissriww,min mau nanya apakah bisa vaksin dosis sinovac di stasiun,0
darkmode94,aku sinovac keamren nafsu makan jadi nambah drastis,0
gyulinggyull,aku jga teh walaupun engga sinovac mens lgi gak lancar,0
Purpleecityxx,aku sinovac teh dan mens pun lancar gk telat gk maju tanggalnya,0
andresippp,ak kmrn sinovac sen malemny si badan agak anget sma ngk nyenyak tidurnya malah nga ngerasain pegel d bagian suntikny,0
ANSI_421,untuk jangka waktu antara vaksin dosis ke dosis harus dipatuhi dan lama jangka waktunya tergan,0
kungkongg,sorry jbjb memang ada bbrapa negara yg ngga nerima sinovac ka tapi ada juga yg nrima trgantung negara m,0
yeyoosh,tergantung jenis vaksin kalo sinovac kebanyakan gak ada efek paling pegel bentar dilengan yg disuntik,0
bukhoriam,moderna memang mantap ya kipi nya dulu sinovac kali sama sekali tidak terasa apa apa setelah vaksin,0
_robbyruben,sinovac besok ada mulai jam biasanya jam sudah habis,0
junkyuubom_,baru sadar aku juga abis vaksin sinovac tgl september sampe skrg blm mens,0
juliantojulis,gk blh hrs sinovac jg,0
mrswoobling,sedih amat yg vaksin sinovac masih ngga bisa masuk eu gimana dooonggg,0
anirun_,sinovac jugaa kemarin telat hari aja gatau nih bulan depan gimana hahaha,0
Jhnyuchn,min infoo vaksij sinovac daerah bekasii dongg,0
R_Perkasa,yang mau vaksin pertama pfizer dan vaksin kedua sinovac besok di phinisi point bisa klik link di bawah ini,0
feelsoweird,aku baru sekitar minggu lalu vaksin dosis sinovac ini telat mens hari,0
watcudoinghuh,maaf teh di aku malah lancar awalnya telat mulu tanggalnya semenjak abis vaksin sinovac juga kebe,0
alfyrhaa,ya efektivitas nya ktnya emg lebi rendah tp kan maksudnya itu ud approved by who ya knp sinovac banyak ga diakuin si,0
penasedu,coba ke dinkes nder kemaren stock sinovac lumayan banyak disana,0
Kodim0815Mjk,danramil 10 bangsal diwakili bati tuud pelda siswanto mendampingi bupati mojokerto dr hj ikhfina fahmawati,0
blackforestkeik,bentar ini maksudnya gimana ya ko aku kurang mudeng nakesnya salah apanya but yg terpenting selagi j,0
strwxbrri,emang sepertinya sama kemarin habis nganter nenek juga buat vaksin dosis padahal hari itu jadwalnya,0
sukaseokjin,ahhhh sekarang udh jarang ya yg sinovac,0
jinourmoon_7,nyari vaksin dosis sinovac dmn yaa,0
JK_noona,entah efeknya apa bukan tapi bulan lalu aku juga telat mens semingguan habis vaksin padahal bulan bulan sebelumnya,0
sakuraaaberyy,gak dong sinovac doang aahh insyaallah kecil,0
zetzetzetoy,aku sinovac bulan mei akhir teh baru mens bulan juli awal,0
rllynotm3,kalo aku sinovac tapi ga sampe ga mens cuma telat banget trus darah haidnya cuma bercak bercak gitu,0
ajengay7,alhamdulillah haid ku masih lancar teh kmrn habis vaksin sinovac cuma demam aja teh,0
inoselling,aku baru aja kmrn tgl vaksin kedua sinovac harusnya awal bulan ini udh mens sih cuma ampe sekarang belum t,0
dyahtantri,aku vaksin sinovac dan telat bgt mensnya,0
GoNewsdotco,sinovac tak diakui para wni ke luar negeri untuk vaksin lagi,0
dearcyeonjun,aku dpr sinovac kmrnn,0
ahanuuum,aku abis vaksin sinovac malah mens nya kali dlm bulan nderrrr,0
auliaahsan_,aku vaksin sinovac terakhir juni dan sampe skrg ga mens,0
HumasPasirjambu,untuk pendaftaran vaksin sinovac hari sabtu oktober di klinik polresta bandung jl bhayangkara soreang s,0
mdoktav,minn infoo vaksin sinovac dosis pertama adaa ndak nggih,0
wartakotalive,jadwal vaksinasi covid tangerang sabtu oktober di kecamatan pakai sinovac dan pfizer,0
wilanpangestu,aku juga ga mens habis vaksin sinovac,0
arisromanisti1,sama dong udah x vaksin sinovac gak mens sampai krg,0
MariaSimorang15,min kalo ada info vaksin sinovac terbaru boleh dong min dishare,0
plumyavocatto,aku vaksin sinovac juga pas dosis kedua pulang lgsg mens mana lumayan deres,0
GoNewsdotco,sinovac tak diakui para wni ke luar negeri untuk vaksin lagi,0
hadifianwidjaja,kalau pfizer dan moderna zat aktifnya ya mrna kalau sinovac zat aktifnya yah in a,0
cullezra,iyaa soalnya aku vaksinnya lumayan awal jd masih sinovac pakenya,0
SektorPlayen2,jum at 15 10 pelaksanaan vaksinasi dosis i dan ii oleh urkes polres gunungkidul di balai kalurahan banaran kapane,0
ttyongiiboo,aku udah kali vaksin sinovac pas lagi mens sih teh,0
NATSSJN,ak cuma pegel doang btw ak sinovac,0
RJinoona,iya emg multiple dose single dose waktu itu cuma sinovac pas awal2 aja skrg ada yg ada yg udah ga single lg,0
ingeesoesanto,aku bkn vaksin sinovac sih aku vaksin az yg kedua terus telat haid sebulan stgh amp ternyata di sekit,0
YooRi_L,aku kira cuma aku yg jadwal mensnya telat banget setelah vaksin sinovac ternyata di reply teh fidy,0
AlyaKartini,aku jg sama blm dpt lg dr setelah vaksin sinovac yg dosis udh jalan hampir bulanan ini benera,0
ppiwpew,mjb sinovac ga sakit kok waktu dosis itu cuma pegel aja lengannya waktu dosis aku ga ada efek ka,0
afiikoo,ihhhh yaallah sama banget teh aku jugaaaa abis vaksin sinovac ga mens,0
yourhoobae__,ini iya juga yaa aku juga dah bulan lebih antara abis vaksin sinovac jatohnya bulan lebih atau abis kena co,0
puduuhyuck,gue udah vaksin sinovac engga sakit samsek beneran,0
infomalang,kalo sinovac dan astra zeneca bisa tapiiiisuliiiit dapetnyaadanya cuma di polkesma atau rs umm kal,0
bilaes0k,lah sama gua juga dr vaksin sinovac pertama ga mens2,0
peach2620,aku sebulan gak haid habis vaksin sinovac,0
tiwayrx,aku vaksin kolaborasi astra sinovac mens kok coba periksa ajaa ke dokter teh,0
tiwaytrackyoo,akuu aku abis vaksin sinovac dosis bukan ga mens tapi telat mens lumayan lama,0
mwv_mystic,aku gitu mba abis divaksin sinovac ga mens,0
xrdfagh,seminggu lalu abis vaksin sinovac kmren mens kok teh,0
redkiwiy,sinovac soalnya angkatan juli agustuskalo angkatan sekarang banyak yg dapet pfizer moderna,0
grumpimpim,aku vaksin ke 2 sinovac atau agustus kemaren terus biasanya mens sebelum tanggal 3 tuh jadi,0
bunnyxnyn,aku rencana katanya vaksin dua vaksin sinovac,0
ANKKOSANNNNN,aku vaksin sinovac gada efek apa apa teh kyak hari hari biasa nya aja gtu,0
Defodioo,aku abis vaksin sinovac gaada masalah apapun terkait mens teh tapi temenku ada dia jadi telat mens gitu,0
ptriavia,aaku teh abis vaksin sinovac telat kurleb harian,0
AurelNovelia,bahan baku atau bold yang berasal dari produsen yaitu sinovac biofarma sinovam astrazeneca moderna pzier dan,0
moeslim_choice,masyarakat tidak perlu pilih pilih merek vaksin covid 19selengkapnya di,0
zzzjjul,eh iya teh bulan kemarin abis vaksin sinovac tahap terus sampe sekarang belum mens udah telat m,0
ppyoontj,aku dari sebelum mens emg ngga teratur sih teh jadi ga berani menyimpulkan krn sinovac juga,0
_jun_hoe,loh iya gw blm mesn udh mau bulan kemaren pake vaksin sinovac,0
jsuhmanis,aku habis vaksin kedua sinovac tgl september kemaren sampai sekarang belom mens juga,0
baby__loey,aku sinovac dan tetep lancar teh haidnya tapi waktu itu pernah ditanyain pas mau vaksin ke haid l,0
real______nn,aku dulu abis vaksin kedua sinovac langsung mens sih masih lancar sampai skrg,0
live_anymore,kemarin itu aku telat sampe harian hbs vaksin sinovac eh besoknya lsg mens wkwkwk,0
sagibitchs,kalo terpaut jauh waktu antar dua vaksinasi bisa diitung vaksin ulangan jd nanti yg dianggap vaksin,0
jiisygkoo,aku kemaren abis vaksin sinovac absen mens sebulan kak,0
hmadaarthur,aku sinovac aman cuma waktu itu untuk pertama kalinya lagi setelah sekian lama pas mens tumben ga d,0
93kagemusha,akuu malah mens kali dalam sebulan teh abis vaksin sinovac baik dosis pertama dan kedua jd aku,0
echanmwin,aku baru semingguan yang lalu vaksin sinovac teh gatau juga belum masuk tanggal haid jadi gatau nta,0
shyyytan,aku sinovac dan dapet terus kok tp telat gitu beberapa hari,0
imyoursje,aku vaksin sinovac tp mens nya normal normal aja teh,0
karantinajambi,kami bekerjasama dengan karantina kesehatan pelabuhan kkp dalam program pemberian vaksin ini jenis vaksin yang,0
Amaateeraasuu_,setelah dipikir pikir habis vaksin sinovac siklusku jadi siklus panjang teh tapi beberapa bulan ke,0
ilobematchaa,aku abis vaksin sebulan ga halangan sih teh dan pake sinovac pas itu juga dosis,0
renysekuntari,jadwal vaksin kota bogor oktober di mall btm bogor jenis sinovac dosis,0
Lantari7,komando distrik militer sleman bekerjasama dengan dinkes ka sleman uty aparat terkait kembali melaksanakan se,0
idtodayco,sinovac tak diakui para wni ke luar negeri untuk vaksin lagi,0
OctopussyMiss,yang ini ketinggalan dok biar jelas kalo datanya cuma dari vaksin aja tanpa az apalag,0
BetaEpsilonPhi,karena1 mayoritas divaksin sinovac pns yang lansia gt 60 tahun adalah peneliti jabfung utama,0
IBGXXDRGN,sehaaat kalau gw masih bisa on berarti masiu sehat wkwk kalau sinovac masih riangat efeknya kecuali kaya,0
NagregPolsek,untuk pendaftaran vaksin sinovac hari sabtu oktober di klinik polresta bandung jl bhayangkara soreang si,0
Vermoutthhtt,aku udah vaksin x pakai sinovac gak pakai rekomendasi dokter aman aman aja,0
beritaKBR,arab saudi belum mengizinkan calon jemaah yang menerima vaksin sinovac dan sinopharm kecuali sudah disuntik vaksin,0
PolsekCangkuang,untuk pendaftaran vaksin sinovac hari sabtu oktober di klinik polresta bandung jl bhayangkara soreang s,0
ubsi_cs03,jenis vaksin sinovac vaksin ke 1 dan vaksin ke 2 persyaratan dibuka untuk masyarakat umum fotocopy ktp u,0
PolsekBanjaran,untuk pendaftaran vaksin sinovac hari sabtu oktober diklinik polresta silahkan chat no wa,0
arfiani1810,nganter bocah vaksin dosis ke2 sinovac daftar pake aplikasi jaki kuota tersedia di plaza semanggi jam 13 30 antr,0
Vvanyol,alhamdulillah tk sia sia perjuangan aku call sna call sini bising2 finally dpt sec dose vaksin padahal sinovac,0
Kemenkumham_SUM,kemenkumham sumut bersinergi dgn alumni usu gelar vaksinasi massal di labuhan batu,0
Cupuwatu2ID,bagi masyarakat penerima vaksin sinovac dosis di luar balai dusun cupuwatu ii dan sudah memenuhi jadwal waktu unt,0
kuaciiiiii,nasib baik saya dapat sinovac,0
KAI121,tersedia vaksin jenis sinovac untuk di stasiun surabaya gubeng ya terima kasih,0
Cupuwatu2ID,diberitahukan kepada masyarakat yang telah menerima vaksin sinovac dosis pada tanggal september di balai,0
ChamzahMuhammad,udah kelar alhamdulillah vaksin sinovac,0
kontenislam_com,sinovac tak diakui para wni ke luar negeri untuk vaksin lagi,0
OposisiCerdas,sinovac tak diakui para wni ke luar negeri untuk vaksin lagi,0
RepelitaO,sinovac tak diakui para wni ke luar negeri untuk vaksin lagi lewat online,0
geloraco,sinovac tak diakui para wni ke luar negeri untuk vaksin lagi,0
Official_UNESA,lagi sttal gelar serbuan vaksin covid 19 dosis dua jenis sinovac di,0
Kel__Jatiasih,giat vaksin sinovac amp pfizer koramil rw dan penempelan stiker vaksin 13 10 2021,0
PemkotBPN,panggilan vaksinasi covid 19 masyarakat umum kota balikpapankhusus antrean 24 500 yang telah mendaftar m,0
VIVAcoid,sinovac tak diakui para wni ke luar negeri untuk vaksin lagi,0
Gigihimanadi,kemarin siang saya vaksin sinovac dosis di rs sardjito jogja tentu saja saya melihat bejibun manusia yang butuh,0
indahsiha,pak tolong stok vaksin sinovac di banyumas segera dikirim byk yg mw vaksin kedua terpaksa ditunda,0
brimobsumutnews,tiba di bandara knia brimob polda sumut kawal vaksin sinovac,0
chikomaith,kenapa yang vaksin sinovac mayoritas rata rata gak ada efek setelah vaksin kenapa aku berbeda trauma deh,0
JKJAVMY,pada hari yang sama malaysia turut menerima sumbangan vaksin sinovac sebanyak dos daripada kerajaan china,0
DrSLSimonSpKK,kalau terbang ke jerman selain syarat punya visa schengen jerman jerman hanya mengakui vaksin yg disetujui ema eu,0
nitia_a,iya ya tapi untung sekarang pilihannya uda lebih banyak dibanding dulu ga cuma sinovac maksudnya,0
Polsekjetisbtl,kanit samapta polsek jetis iptu poniman pimpin giat pengamanan vaksinasi dari rs bhayangkara polda diy di pendopo k,0
Sinovac_pick,semoga hari ini bisa menang di kak chota pgn beliin frezer buat emak,0
ccn9613,kemarin banyak banget kabar bahagia vaksin sinovac ku diakui lulus s1 ya rabb may you always give me many miracle in my life,0
neirapenguin,itu karena terbukti sinovac dosis setlh bulan cuman efektif maka disuruh booster ktnya mau,0
parisfyy,kalo sinovac efeknyaa pegel doang yaa okeyyy makasih infoo yaa keii,0
sfararo,sesiapa yg vaksin sinovac perlu tunggu arahan kkm utk dapatkan dos booster waktu idah dos booster adalah dalam su,0
drunkedsummer,kecil kokk pikirin yang lain ajaa jangan diliat oh kalo sinovac efek sampingnya minim bangeet paling cm pegel dikit,0
MarhasakP,jd bagi masyaralkat yg sudah vaksin sinovac ini sudah tidk ada mslah lagi,0
mywonshine,sinovac lg buat boosternya jd 3nya sama,0
chaerandwnti,gubenur khofifah jg menyampaikan secara spesifik bhw vaksin sinovac jg sudah disetujui organisasi kesehatan dunia,0
sfararo,soalan aku kalau sekarang kita ada vaksin sinovac then kita plan untuk ambil vaksin pfizer adakah rekod vaksin s,0
Sekbringin86,giat gerai vaksin merdeka tahap 1 di smpn bringin giat vaksinasi covid dosis dengan menggunaka vaksin sino,0
KodimKarangany1,karanganyar jum at tanggal oktober serda yuli purwanto babinsa desa klodran koramil colomadu bersama p,0
PR_EventMarcomm,kali ini sentra vaksinasi masjid salman itb akandibuka padaenin kamis pkl 12 00 wibjumat pkl 11,0
HeyyFarahhhh,sampe akhirnya ada sahabat yg tinggal dekat dg asrama sekolah anakku dibantulah supply jamu utk anakku beliau jg,0
HeyyFarahhhh,bersyukur banyak sm allah hidupku dikelilingi orang baik anakku ini kemarin senin vacs pfizer aku kasih iji,0
Danialskops,kebetulan aku amik sinovac,0
mashilfi,vaksinnya anda sinovac,0
FirmRei,panglima tni dan kapolri hadiri serbuan vaksinasi sinovac masyarakat maritim banyuwangi dansekitarnya,0
BendaPolsek,anggota polsek benda melaksanakan pengamanan kegiatan vaksinasi di polsubsektor duta garden jl husein sastra negar,0
MbahUdheg,seperti studi vaksin sinovac yang dilakukan di bandung soal yang vaksinasi tenaga kesehatan itu menurun setelah,0
Aris_Munandar90,dulu pada mencibir sinovac buatan china sekrang terbukti sinovac ampuh dan digunakan di negara,0
papa4bby,capek2 pagi2 ngantri di puskesmas cacing eh cuma ada sinovac padahal daftar di aplikasi jaki diketerangannya ada p,0
erenanggrai,dmne yak hari ini vaksin kdua sinovac di ktg ni ye ad ny yg astrazeneca jak hm,0
DepokKoramil,sleman komando distrik militer sleman bekerjasama dengan dinkes kabupaten sleman uty aparat terkait dan s,0
agustxdk,alhamdulillahsinovac kak,0
kimwhalien52,ini sinovac katanya tapi gak tau juga,0
iciocaica,apalah aku warga sinovac,0
PRBekasiRaya,jadwal dan info vaksin gratis bekasi oktober sinovac astrazeneca dan pfizer,0
sherrychiu__,link pendaftaran vaksinasi dosis dan sinovac di sidoarjo oktober berhadiah souvenir,0
hanny_nr,selain itu who yang merekomendasikan pemberian booster pada lansia strategic advisory group of experts on immuniza,0
ffffffffarah,beda2 tetep aku vaksin kedua sinovac meriang ortu mahh jagjag,0
vacnilad,bukann sinovac yg sesi kemaren katanya sih dah abis tp gatau jg,0
haneyeah,bismillah aamiin terus baru inget vaksin ya sinovac bhaaay mrie bergandeng tangan dan menghalu bersamaq,0
MJabodetabekCom,cek jadwal dan tempat vaksin sinovac astrazeneca dan moderna di surabaya tanggal sampai oktober,0
m_jabodetabek,cek jadwal dan tempat vaksin sinovac astrazeneca dan moderna di surabaya tanggal sampai oktober,0
deskeyyy,aku nanya2 random ke adekku jadi kamu vaksin apaan krn gw taunya dia ga dikasi tau vaksin apan adek senyum2 k,0
traxxfmofficial,kementerian kesihatan telah menghubungi kerajaan united kingdom dan arab saudi untuk mempertimbang semula keputusan,0
yusuprhmn,eh harusnya hari ini kan tp digeser besok vaksin ke dua jadinya gimana sinovac aman ga dosis keduanya biar minggu bisa santai,0
tegalfess,tf info vaksin sinovac dosis dua bwt hari ini besok,0
iicyaaa,assalamualaikum yb boleh tak sekiranya dapat dipercepatkan vaksin booster bagi yg ingin buat umrah esp,0
Sinovac_pick,jumat berkah,0
Muhamma39480600,vaksin sinovac sudah tidak ada masalah tapi kementerian kesehatan arab saudi masih akan berkoordinasi dengan keme,0
MJabodetabekCom,update info jadwal vaksin sinovac dan astrazeneca dosis amp di jatisampurna bekasi,0
m_jabodetabek,update info jadwal vaksin sinovac dan astrazeneca dosis amp di jatisampurna bekasi,0
Sinovac_pick,semangat,0
ArandraFitri,beliau tadi juga menyampaikan secara spesifik bahwa vaksin sinovac juga sudah disetujui organisasi kesehatan dunia,0
TimpalBali,kle info vaksin kedua sinovac dong di dps,0
TheKopRossonero,namanya ikut vaksinasi ya disuntik vaksin entah itu sinovac astra zeneca atau pfizer abis vaksin,0
depokita,informasi vaksinasi covid 19 di universitas bsi kampus margonda periode 20 oktober menggunakan vaksin sinov,0
convomfs,wta aku ada benjolan sekitar pd belum sempet konsul ke dokter tapi hari ini aku mau ikut vaksin sinovac do,0
kookoophi,kl sinovac knp ka,0
PareFess,info tolong info vaksin sinovac dosis di polres pare udah full e kuota e makasih cah pare,0
KediriFess,info tolong info vaksin sinovac dosis di polres pare udah full e kuota e makasih cah,0
jijucityx_dee40,nakes btw dos k krn sblumnya sinovac atw mmg semua vaksin hrs ada ke untk nakes,0
itsmeyaa_,colleague aku kalau bercerita ada kenalan dia kena covid mesti nak kena mention si polan si polan vaccine pfizer si,0
WEverpeople,merdeka kuota dosis dan sinovac untuk pelajar di surabaya,0
bebasbaru,bersiap yang ingin umrah ingat vaksin jangan sinovac cina tapi produk eropa arab alergi dengan cinayang pin,0
MrsRanTakahashi,bersyukur banget gue waktu itu vaksin dosis amp pake sinovac efek sampingnya cuma tangan pegel amp laper terus ke,0
sherrychiu__,info vaksinasi covid 19 dosis dan sinovac di malang oktober gratis kopi dan ada doorprize,0
tendobakso,bagusan vaksin sinovac atau asgard,0
po11819597,masih inget si didu soal vaksin sinovac ahirnya dia vaksin juga pake alhamdulilah lagi hahaha didu didu,0
sherrychiu__,link pendaftaran vaksinasi covid 19 astrazeneca dan sinovac di ciputra mall surabaya oktober,0
yhendarsyah,gw kepengen pake vaksin astrazeneca untuk vaksin kedua ternyata gak bisa karena vaksin pertama gw sinovac dan ini,0
asumsico,dalam aturan kemenkes ibu hamil hanya dapat diberikan jenis vaksin merk pfizer moderna dan sinovac,0
om_didik,pelaksanaan vaksinasi sinovac dosis di balai desa sumberwudi kecamatan karanggeneng berjalan dengan lancar,0
kusumatiar,saya sudah menunggu di pkm pwt utara dari pagi mereka buka sampai hampir jam tanpa mendapatkan,0
DepokKoramil,sleman komando distrik militer sleman bekerjasama dengan aparat terkait dan stakeholder kembali melaksanak,0
smaks_72,selamat pagi buat admin tanya dong untuk vaksinasi sinovac daerah cipayung dimana yg ada minggu ini,0
BaseAnakFK,dok kalo dosis ke 2 vaksin sinovac boleh kurang dari hari engga ya atau harus banget hari mohon dibantu jawab ya,0
piracila,vaksin sinovac halal dan suci,0
piracila,vaksin sinovac halal,0
Sinovac_pick,kapan dor saya om,0
asyiqmln,yang udah x vaksin sinovac ngrasain kalo sendi siku kanan pegel ngga kaya ngga nyaman gitu,0
Byaku_RENN,ini sama sinovac bakal susah kalo kalian masuk ke europe kususnya prancis,0
venuszxyy,nyari vaksin sinovac dosis daerah sda mana si susah bgt,0
jiminsdee,sinovac ga kenapa2 sih kalo adekku pas dosis wkwkwkwk semoga aman2 aja ya amin,0
mywinterrbear,mudah2an ga yg sampe demam2 wkwk pas vaksin pertama sih aku cuma ngantuk doang efeknya sm t,0
kaniasaja79,iya e sinovac ga laku di luar,0
eventsurabaya,halo gais yukkk dengan mendukung program pemerintah pkb mengadakan vaksinasi sinovac dosis dan dengan kuota,0
ooopsiieee,astra disini yang dosis malah udah jarang adanya cuman sinovac,0
kaniasaja79,iya e sinovac gabisa hvft,0
kaniasaja79,uk dah open tapi sinovac gabisa bm vaksin lagi moderna pfizer gini ini aku,0
doublebe99,ii sumpah kzl bgt td gua kan ke kelurahan buat nanyain sertif vaksin gua knp blm keluar udh mingguan trs nanya l,0
ekstronaut,sinovac jg udah tahap dong,0
TComehere,hallo ibu mentri sehat selalu ya bu beberapa negara hanya mengijinkan masuk para traveller yang di va,0
juicybuby,kalau kebutuhan utk keluar negeri sebaiknya emg bukan sinovac sih ya,0
__samsepiol,jd ada negara yg ga terima vaksin sinovac buat msk ke negara tsb jd skrg aku lg pusing nih hahahaha krn va,0
__samsepiol,jd ada negara yg ga terima vaksin sinovac buat msk ke negara tsb jd skrg aku lg pusing nih hahahaha,0
__samsepiol,iya sich bener emg gitu tp lbh ke alesan teknis sih jd ada negara yg ga terima vaksin sinovac jd skrg,0
kecpiyungan1,info vaksinasi lagi lur monggo sederek teman keluarga yang belum vaksin di buka pendaftaran vaksinasi sin,0
airlanggafess,uner info vaksin sinovac rek,0
WEverpeople,merdeka kuota dosis dan sinovac untuk pelajar oleh tni polri pemkot sb,0
__samsepiol,shittt nyesel vaksin sinovac,0
tressdiana,eh serius lu sinovac atau apaaa,0
reverieain,sinovac ni memang side effect dia lenguh sejam dua je eh best jugak,0
Riskidwiaaa,setauku sing serbuan baru2 ini baik kota kabupaten infonya masih sinovac nang,0
iqbalhafizon,adapun temuan yang dimaksud sage who masih menyasar kepada kelompok umur lansia hal ini dikarenakan temuan efektiv,0
MrsRanTakahashi,di puskesmas daerah sini udah gak ada sinovac buat dosis makanya jadinya pake moderna soalnya ting,0
iqbalhafizon,proritas vaksinasi kepada kelompok lansia menjadi semakin urgent kala sage who merekomendasikan kelompok lansia yan,0
MoelyonovDjalil,sinovac kedua alhamdulillah selamat malam sehat selalu,0
GadoyanKopi,loh knp ga pake sinovac kalo mau cari sinovac d klinik2 aja aku kmrn vaksin dosis pake sinovac,0
Unsoedfess1963,jends info vaksin sinovac dosis pertama dong di pwt,0
MrsRanTakahashi,iya sih baca review dari orang pada kayak gitu untung sinovac gak ngasih efek gimana cuma bikin ta,0
etdahheran,jenis vaksin namanya sinovac ada juga yang astarzaneca aduh fak aku gak ganyangca,0
larascitraayu,nakes indo cannot yah secara kita semua x sinovac x moderna ttp keitungnya not fully vaccinated so saddd good,0
Muflichaptri,bukan sinovac,0
binyeolie,yg kedua rasanya kek lebih nyelekit gitu tp sembuhnya cepet w dapet sinovac,0
PenLanalBwi,tni al dahsyat serbuan vaksinasi sinovac masyarakat maritim banyuwangi dan sekitarnya hadirkan panglima tni dan,0
m_jabodetabek,info jadwal vaksin pfizer dan sinovac jatisampurna kota bekasi oktober,0
MJabodetabekCom,info jadwal vaksin pfizer dan sinovac jatisampurna kota bekasi oktober,0
callmemiwww,depend deh keknya tergantung vaksin juga kemaren ku pake sinovac efek sampingnya cuma ngantuk aja sih,0
miyachimeng,kamu vaksin apa klo aku sinovac emang katanya gak terlalu bakalan nimbulin efek sihh paling pegel doang,0
hidayahabdmalik,nope ak sinovac jugak,0
nadzym,hang tak dapat meh untuk sinovac user kot,0
CommuterLine,selamat malam untuk vaksinasi stasiun duri yang akan berlangsung di tanggal amp oktober yait,0
akmalmilan01,sampe sekarang sinovac masih ditolak singapur bang,0
dindafadilla,info vaksin dos sinovac daerah bsd serpong sekitar nya lupa bgt jadwal vaksin saking lamanya nunggu bisa vaksin dos,0
nadzym,confident lebih dan improve aiming valo hahahaha untuk sinovac hospital ws aku panggil sukarelawan cucuk booster sinovac,0
Sinovac_pick,perlu di cek sih dana buat bayarbitu dana dr mana,0
PKCTamansari,sinovac dosis dan kantor rw mangga besar 180 orang masyarakat umum gt 12 th 2 samping koramil masyar,0
icahicahnai,untung izin ambil day off ternyata beneran selemes ini kirain nd dose sinovac di aku gabakal kenapa napa tapi letoy banget ini badan hwhw,0
zeeegirl,yaa tergantung vaksinnya sii kalo ak kemaren sinovac jdi gasakit apa,0
qwertyntanraz,maaf mau nanya klo divaksin pertama itu aku dapetnya sinovac nah misal divaksin kedua dapetnya pfizer moderna gitu bisa gasih,0
heynutnuts,london aamiin hayuk sinovac bisa yuk,0
PDI_Perjuangan,hari ini menurutnya sekitar warga yang harus mereka vaksin untuk tahap dua karena sebelumnya pada tahap per,0
zona_raya,vaksin merdeka kuota dosis dan sinovac untuk pelajar oleh tni polri dan pemkot surabaya,0
eccedntst,yg ada cma ituuudh selesai vksin bru tau klau dsklh ada yg sinovac anjrr,0
rubbie2525,belum tau juga ini ak berkaca aja dr desa tetangga yg dapetnya astra kalo desaku emang belum keluar j,0
HazriBinHarun,tuan saya ada keliru adalah untuk pfizer vaccine kan what about others vaccine ie az and sinovac,0
creamattcha,engga kok amann aku dapetnya sinovac sih katanya emang lebih ringan paling pegel aja bahunya harian gitu,0
PolresTasikKota,gerai vaksin presisipolres tasikmalaya kotadilaksanakan pada hari tanggal jum at oktober pukul,0
PolresTasikKota,gerai vaksin presisipolres tasikmalaya kotadilaksanakan pada hari tanggal jum at oktober pukul,0
SweetyOct,dapat berita agak menggembirakan bhw turis ke jerman tdk perlu karantina mandiri lg hny bagi kami vaksin yg suda,0
ephilarity__,iya sih ini vaksin sinovac,0
Lantari7,komando distrik militer sleman bekerjasama dengan aparat terkait dan stakeholder kembali melaksanakan serbuan,0
yuniapusp,iya sinovac heheasli pegel bangettt ini,0
semburatsendja,dapat sinovac lagi biasanya vaksin kedua lebih berasa sih,0
WEverpeople,merdeka kuota dosis dan sinovac untuk pelajar oleh tni polri pemkot sb,0
RurupanMaoru,tadi nanya katanya sinovac engga diterima di perancis jadi harus vaksin ulang,0
Lantari7,kodim sleman dinkes kab sleman dan stakeholder kembali menggelar serbuan vaksinasi untuk pelajaran dan masyar,0
Lantari7,komando distrik militer sleman bekerjasama dengan aparat terkait dan stakeholder kembali melaksanakan serbuan,0
UbsiFatmawati,sentra vaksin covid 19 universitas bsi kampus margonda bekerjasama dengan polsek beji lokasi sentra vaksin ubsi,0
fluffykim_,jadi inget kejadian ibukku pas habis vaksin sinovac pas itu tangan bekas suntikannya ga sengaja ku gebuk,0
jingglang,nambahin data bang ini titer antibody bulan stlh vaksin sinovac kedua dulu sebelum vaksin per,0
humas_polsekjtu,yuk vaksin vaksin sinovac dosis dan lihat waktu dan tempat diatas,0
vacnilad,gatau jenisnya apa wakakak yg jelas bukan sinovac,0
nurulhadirah___,tadi atuk aku ngadu la tak dapat gi umrah dah sebab aku dengan dia dapat sinovac astu dia ajak gi china pulak aku pun,0
humasreslamteng,tni polri bersama forkopimda kab lampung tengah menyelenggarakan gerai vaksinasi sinovac dan astrazeneca gratis,0
winnyiethepooh,gimana caranya orang yang waktu itu vaksinnya sinovac supaya bisa travelling ke europe,0
DraftAnakUnpad,gais ada yg telat seminggu vaksin sinovac dosis gaa aku telat huhu,0
BlueAng16621833,jgn lupa rd dose bagi semua penerima vaksin sinovac,0
Kodim_Sragen,dukung program pemerintah serka abdus salam babinsa desa pengkok anggota koramil kedawung melaksanakan monitori,0
lltfcan,aku udah sinovac ga ada efek nya cuma pegel doang,0
iPinchDobby,blom kemarin ada astrazeneca udah mau didaftarin ttapi guenya masih terlalu unyu belum bisa kecuali yg sinovac sih,0
lhadianti06,aku udah tapi bukan sinovac,0
iPinchDobby,astrazeneca lebih bagus sih katanya dari sinovac tapi efek sampingnya juga lebih besar terus harus t,0
querenciamine,aku vaksin kedua sinovac gak ada efek apa apa kayak gak disuntik malah lanjut kerja lagi,0
Drubiyantoro,pengen banget ke negara saudi arabiah biar nanti bisa dapat vaksin ke soalnya saya sudah vaksin kali si,0
MahasiswaUMS,umsfess ke sinovac nanti ke apa jg sama,0
malangvoice,bin jatim suntik santri ponpes al rifai e dengan sinovac,0
Adeima_Novita,assalamualaikum bapak bapak mohon ijin di kabupaten purbalingga vaksin dosis kedua untuk vaksi,0
takeoverthem00n,iyaaa waktu itu masih pake sinovac sih tapi baksin kedua gaada reaksi apa apa cuma ngantuk sama pegek doanggg,0
depok_pos,puskesmas sukatani buka pendaftaran vaksinasi sinovac,0
jogmfs,jog tlg info vaksin dosis sinovac bebas dosis darimana saja karena vaksin tunda jadi stok sinovac di tempat lama habis nuwun,0
_taehyeonggg,sinovac tadi baru dapett,0
amwidyou,bulan lalu sayang aku vaksin pertamanya berarti dira usia sebulan cari aja yang ngadain vaksin sino,0
m_jabodetabek,jadwal vaksin covid 19 di stadion pakansari bogor oktober tersedia sinovac astrazeneca dan moderna,0
MJabodetabekCom,jadwal vaksin covid 19 di stadion pakansari bogor oktober tersedia sinovac astrazeneca dan moderna,0
ore_0o,sinovac jg aman untuk penyandang autoimun asal sudah remisi dan konsul ke dokter dulu,0
GrogolPolsek,wakapolsek grogol iptu siswanto s h m h pimpin monitoring pelaksanaan vaksinasi merdeka candi polres sukoharjo,0
imiKPark,aku sinovac ngga,0
Kodim_Sragen,pada hari kamis oktober pukul wib s d selesai babinsa ds dukuh koramil tangen melaksanakan pendam,0
Kodim_Sragen,wujud kepedulian wilayah babinsa ds ngrombo koramil tangen melaksanakan giat pendampingan vaksinasi lansia dosi,0
Kodim_Sragen,babinsa ds galeh koramil tangen be kec tangen mendampingi ibu siti bidan desa galeh dan kader kesehatan desa gal,0
Adelleww2,iya katanya soalnya ada negara yang ga mengakui sinovac,0
Callmesopi,asli deh kerja aja gak kuatsinovac,0
KoramilSleman,sleman kodim sleman dinkes kabupaten sleman dan stakeholder kembali menggelar serbuan vaksinasi untuk pel,0
YkaKotagede34,kamis oktober pukul wib di puskesmas kotagede jln kemasan kotagede telah berlangsung kegiatan vaks,0
mrsjongseong,aku sinovac b ajaaa,0
safnaajengS,ko sinovac dose pegel yaa,0
rubbie2525,klo sinovac ak berani klo astra banyakan pd yg sampai demam parah jd masih ragu ragu,0
Sansspeedprject,asline aku kuat koyo boboboy tenantapi bar disuntik vaksin sinovac winggi kekuatanku dadi ilang kabeh,0
GengRetail,mesirdengan vaksin lengkap iaitu pfizer moderna astrazeneca sinopharm sinovac sputnik v amp janssen johnson amp,0
anakhiIang,aku sinovac ga ngerasa efek apa apa sih,0
polsek_karawaci,vaksinasi merdekajumat oktober berlalu untuk umummelayani dosis dan vaksin jenis sinovac dan astr,0
jinternall,aku vaksin kedua sinovac gaada efek apa nder malah lebih pegel pas vaksin pertama,0
moarcadiaa,sinovac ya aku juga gitu kokk mana laperan,0
HumasPolsekKed4,tni polri pantau giat vaksinasi dosis dan jenis sinovac di halaman rumah kades waringinjaya kamis 14 10 2021,0
zackyrvai,iya tp efektivitasnya lebih better moderna pfizer kan tp gpp deh kebagiannya sinovac hehe,0
cutebearning,iya kalo moderna emang keras tapi gw pake sinovac tau,0
rahmakanjanaa,info vaksin pontianak nih guys untuk vaksin pake pfizer dan vaksin sinovac lesgooo daftar mumpung kuotanya ma,0
radar_malang,sinergi mahasiswa umm dorong percepatan herd immunity desa tegalgondo,0
chanahchani,jan lupa cari info vaksinnya jg siapa tau kalian pakenya sinovac gpp di suntik lg itung boster,0
detikhot,arab saudi membuka pintu bagi penerima vaksin sinovac untuk umroh dengan syarat wajib sudah booster menkes ri men,0
detikHealth,arab saudi membuka pintu bagi penerima vaksin sinovac untuk umroh dengan syarat wajib sudah booster menkes ri men,0
detikcom,arab saudi membuka pintu bagi penerima vaksin sinovac untuk umroh dengan syarat wajib sudah booster menkes ri men,0
Sapuran6,adu kekuatan adu argumentasi saudi rekomendasi vaksin selain sinovac bahasa kasarnya tdk mengakui sinovac,0
inceklebih,katanya sinovac sih yg lebih minim efek,0
detikHealth,arab saudi membuka pintu bagi penerima vaksin sinovac untuk umroh dengan syarat wajib sudah booster menkes ri men,0
bbuterfliess,sama aku jg sinovac amp vaksin kedua tuh pegel bangett beda banget sm vaksin pertama,0
zackyrvai,wah dapat az tp kamu alhamdulillah ya ga ada side effectnya aku pengennya jenis lain sebenarnya tp kebagiannya sinovac,0
bugismanis1,sinovac seh,0
natata95_,aku sinovac iya vaksin kedua parah bgt pegelnya yg pertama gak kerasa,0
zackyrvai,hai teman2 disini ada yg cd4nya di bawah tp udah vaksin share pengalamannya dong besok aku ada jadwal vaksin tp dapet sinovac,0
hapviily_,lu vaksin apa sa az atau sinovac,0
Destiwib,nah itu dia aku juga bingung udah kepalang dapet sinovac tapi ga bisa ke jepang udah dapet solusi belum,0
jiminsdee,loh sinovac lolos tah us,0
PInSemar,buat sedulur yang belum divaksin yuk bisa yuk manfaatkan layanan vaksinasi sore hari,0
beritamanado,berita terbaru alumni akabri gelar vaksinasi sinovac dan astrazeneca di tomohon,0
unknowuser4844,yb menteri kesihatan tolong beritahu saya bahawa di manakah tempat untuk penyuntikan sinovac bagi pel,0
theunfixable1,ini vaksin pertama sinovac kok tangan gw pegel bgt dah _,0
firmansanyoto,jadual vaksinasi covid kecamatan genteng yang dilakukan oleh polresta b,0
Polres_balangan,polres balangan beserta dinkes kabupaten balangan kembali mengelar vaksinasi presisi di aula polres balangan pada,0
plskwasbandara,pengawalan dan pengamanan kedatangan vaksin sinovac dan vaksin pfrizer yang akan di kirim memuju gudang dinkes prop,0
SweetyOct,alhamdulillah bagus pak moh fardi dpt vaksinnya bisa dpt visa schengen tdk seperti s,0
plskwasbandara,kedatangan vaksin sinovac dan vaksin pfrizer dari jakarta melalui bandara int l supadio di peruntukan dinkes propin,0
jurtastel,vaksin booster ke sinovac semoga ga kenapa napa,0
cherry9621,seriusan yang pertama sinovac yang kedua pfizer,0
cherry9621,klo vaksin pertama sinovac terus vaksin kedua pfizer itu boleh ngga sih,0
RKlVEWORLD,sinovac kalau gak salah,0
iwanurdin,mau tanya min yang bisa vaksin dosis kedua langsung sinovac dimana ya,0
TakBerdoi,wkwkwk vaksinnya apa gitu lho sinovac kah atau apa,0
grumpycaca,moderna aja tp ak sinovac si,0
ariyatasenpai,mak aku terpaksa tangguh umrah hujung tahun ni sebab yg cucuk sinovac kena ada rd dose baru dpt pergi i just lost a words,0
Hamzah342,asaalam dr saja nak comfirm boleh ke vaksin sinovac dos dos ke3 fuzer terima kasih,0
SinarTerkini,pendistribusian vaksin sinovac dikawal danramil dan babinsa koramil wonosari,0
Ohherara,sinovac tp bru dosis,0
artineutami,ibuk bapakku abis vaksin biasa aja g ngrasa apa2 kirain dpt sinovac ternyata moderna,0
GesuriID,bupati landak karolin margret natasa memantau secara langsung berjalanya proses pelaksanaan gebyar vaksinasi sinova,0
depokinfo_,puskesmas sukatani buka pendaftaran vaksinasi sinovac dosis satu dan dua depok news,0
PR_EventMarcomm,kali ini sentra vaksinasi masjid salman itb akandibuka padaenin kamis pkl 12 00 wibjumat pkl 11,0
kursipijat,berapa lama vaksin sinovac bisa bertahan,0
Sinovac_pick,saya stay disini kak liatin kak chita siapa tahu mau ngedor saya buat beliin emak,0
RajasaFx,ri keluar dari red list inggris ini syarat perjalanannya vaksin sinovac tidak diakui,0
HMTSUII,bagi peserta vaksin dosis sudah menerima vaksin dosis sinovac dengan jarak minimal hari5 tidak terdaft,0
sygmollymochi,harus di booster yang pake sinovac,0
Humas_ResPBG,polres purbalingga kembali menyelenggarakan vaksinasi dosis dua jenis sinovac untuk karyawan perusahaan,0
inginkansurga,selamat siang dok izin tanya beda vaksin moderna sama sinovac apa ya dok katanya bagusan moderna ya dok terimakasih dok,0
ziqqhaziq_,tak kisah kau astrazaneca ke sinovac ke pfizer ke asalkan benda tu vaksin jugak,0
PSelemadeg,ayo hadiri gerai vaksin tni polri yang akan dilaksanakan pada hari jumat tanggal oktober jam,0
deblacklisto,aku yang sedih sinovac ga diterima di uk tapi ga punya duit buat ke uk juga,0
9701KJUNE,gak becanda sinovac dong,0
inginkansurga,selamat siang dok mau tanya dok beda vaksin sinovac sama moderna apa ya dok katanya bagusan moderna ya dok,0
JaeKyeom1826,gpp aku aja1 amp 2 sinovacvaksin modernagpp kok,0
infomalang,cek di faskes pertama yakarena moderna belum ada bukaan umum untuk dari faskes lain di malangsinovac ada di polkesma,0
kupastuntasnew,badan intelejen negara bin daerah lampung telah menyuntikan ribu dosis vaksin sinovac ke pelaja,0
candieshoon,eh vaksin kedua tuh sinovac yh,0
yusnitarh28,ayeee ayeee kelar vaksin juga baru ngeh vaksin coronavac vaksin sinovac boleh beda gitu kah,0
emsytk,tiada cuma anu pandai berlawan aku pfizer aku sinovac dorang bilang,0
navxlty,iyaa benerr aku juga sinovac jadi cepet ngantuk,0
Retnobudiaa,enzy storia waktu ke ny bisa tuh walaupun persepsi warga us vaksin sinovac sama aja gak vaksin,1
gpnybf,gabisa deh gue dapet bule karna apa karna vaksin sinovac alasan yg primitiff,1
TedHilbert,thn sehat sebelum vax ini hasil setelah dosis sinovac gejalah parah juga,1
gpnybf,anying kan vaksin sinovac bikin alergi apa ya,1
rrachmanmy,tapi vaksin lagi dekat negara tujuan kalau kitaran asia keknya masih bisa tuh sinovac,1
pretzellaaa,temen gue baru balik liburan dari swiss dan dia sinovac kok,1
writebur,haii vaksin dengan jenis coronavac sinovac boleh dan diijinkan untuk keluar negeri tapi ada beberapa n,1
doyantahuisi,setau gue kl sinovac mesti pake booster kalo vaksin kyk astra udh boleh keluar meski ga pk booster,1
PratamaFirgie,aku jg ga mens bln setelah vaksin sinovac,1
B75_tvvt,bisa pake vaksin booster lg klo emang syarat ke luarny g bisa yg sinovac jadi tetep b,1
tinkerbellee19,masih bisa kok vaksin sinovac dipake persyaratan sebagai syarat terbang nanti di bandara vaksin lg ka,1
ruoletr,lah gw sinovac anjir begimana ini padahal mau nyamperin kai,1
koramil15myd,di akhir pekan kodim sleman serbu dua gereja dan dua kampussleman komando distrik militer s,1
Rifansyahalsaa,kalo ada pernikahan di liat dari kasta vaksin pasti gw di kasta terendah soalnya sinovac dan kalo sinovac gaboleh,1
lanapwt_,sinovac dah jarang banyaknya moderna sama astra,1
vindhietama,sinovac bukan nya paling gede ya pfizer,1
jungdayyum,bisaaa kokk us udh nerima org2 yg vaksin sinovac,1
cqstelllooo09,sinovac kasta terendah di pervaksinan,1
Riyan_____,kipi sinovac memang ga berat tapi menyerang ke lambung scr umum kalo secara,1
sitisorayani,ini yang lagi aku pusingin sekarang vaksinku sinovac katanya sih bisa booster kalau mau ke ln pusingi,1
lafaphrodite,ke ksa gaboleh pake sinovac minimal moderna,1
cendikiaaawan,negara spesifik aja kalo sg mayal mah boleh sinovac,1
diaCherie,sinovac bukannya banyak diterima ya,1
Bocah_Doyong,goro vaksin sinovac kekuatanku ilang kabeh asw og,1
apriliacantik,gpp kalau belum dapat usahakan jangan dapat sinovac susah mau keluar negeri,1
thtpnss,yang vaksin sinovac gabole ke luar negeri,1
pemantautemlen1,iya bro tapi itu tergantung vaksinnya kalo pake sinovac ttp karantina pengecualian cm,1
nfalees,nak kena cucuk booster pfizer nampak gaya ni kebanyakkan negara tak terima sinovac pulak apo eh sendu ah gini,1
emmahasy,buat masa sekarang ini hanya yg dah ambil vaksin pfizer dan az shj boleh pergi yang ambil vaksin sinovac perlu boo,1
farm_pai,assalamualaikum yb hisham minta izin nk tanya sy ambik sinovac dua dos pd julai lps dan,1
noonagimbap,udahh x sinovac tapii,1
rismadsy,ekspresi orang kalo pengen liburan ke ln tapi pake vaksin sinovac,1
apriliacantik,buat makan dalam resto di jerman harus ada tes antigen negative ribet ya soalnya vaksin sinovac eike yg udah x,1
jembermfs,jbrfess rek ada yg tau info vaksin dosis sinovac untuk besok thankyou,1
msusetio16,kawanku suntik vaksin dapet sinovac aku disuntik dapat beast titan,1
ichaicharisha ya allah tempat terapi mama percaya kalo vaksin sinovac ada chipnya,,1
Latif68820435,tapi pasti bapak sinovac maaf ya sayamah astrazeneca jadi bisa ke eropa kalau diongkosin,1
ypastuti,hanya ada sinovac dan moderna saja gak ada astra kah,1
SittaSodiq,ya tuhan mau cari vaksin ke sinovac di jogya belum dapat2,1
dndr_ima,vaksin kedua gw apa ye moderna ato sinovac ye,1
Im_Kiira,aku laper habis vaksin hahahaha ya bulan lama ternyata hahah sinovac palingan bulanan kak,1
buihlautaan,udah vaksin sinovac masih aja gaditerima dibeberapa negara,1
Im_Kiira,aku sinovac yg umum kak hahah maklum massal hahaah ntar november sosis hahah,1
knmarrie,ini sinovac kasta terendah pervaksinan kah,1
nu_nu_riw,sm itu si ka kan sinovac kadang disebut coronavac jg gpp ka semoga barely ada kipi kl pun ada yg ngantu,1
harissidqi,sinovac aja begini efeknya gimana moderna,1
iamstwn,akp dicky pratama menjelaskan vaksin yang digunakan ialah sinovac,1
ndreprtm,data sinovac sama az ada nggak ya yg bikin di daerah asia,1
am_ifa,td katanya sinovac tp di kertasnya ini apa sama ya,1
rahmanhakimar,apakah setelah divaksin sinovac auto jadi komunis,1
dkambodjaaa2021,iya mumpung dpt dosis sinovac nggak ada efek sampingnya,1
daiIynad,ohhh iyaa teh aku baru nanya juga ke uwa aku karna kebetulan sepupu juga dosis di yonif tapi dia,1
jikajanuari,iya anjir sinovac terdaftar kira2 cuma di negara,1
angelmooxn kaget klo misalkan vaksin sinovac ngga boleh ke luar negri trs ada vaksin ke nya,,1
jikajanuari,kyknya sebagian orang yg vaksin nya awal2 gitu mrk semu pake sinovac deh klo di indo trs itu jokowow pake sinovac,1
jikajanuari,knp si anjir ga di kasi tau dari awal gitu klo sinovac ga di terima sebagian negara lain trs nasib nye gimana anji,1
shanifaa_,boleh nderr kalo lebih kalo kurang gabolehh tapi lama bgt ya masa sinovac antar vaksinnya bulan,1
akurizalhast,gegara pandemi yes yg ono vaksin sinovac gk diakui hadeeeeuh,1
Ind4ng,vaksinnya pake sinovac apa az,1
dpttore,bukan wkwk maksud gue kayak vaksin sinovac kah atau astra abyssosque gitu,1
CuraHeart_,lelaki ambil pfizer is the real buaya darat so pilih la lelaki yang ambil sinovac macam aku,1
Sinovac_pick,pagi mak,1
indahsiha,,1
imanr81,sinovac dari china tapi pasrah saja di enjus,1
imyourdesta,aku waktu vaksin sinovac pertama juga gitu teh yang biasanya mens awal bulan jadi mundur beberapa m,1
honeydewmilky,bukan sinovac sih tapi aku vaksin pfizer dose haidku malah maju minggu entah karena efek vaksin atau bukan cu,1
primayuri,dibuang sisa vialnya kalau sinovac lebih dari jam sudah tidak boleh digunakan,1
Sinovac_pick dunia semu,,1
dkdnfktlqlf,aku vaksin sinovac ke ga haid tapi bulan selanjutnya haid kali di awal bulan sama akhir bulan,1
sherrychiu__,link pendaftaran vaksinasi covid 19 pfizer sinovac dan moderna di tangerang 22 oktober,1
gureumikoo,hari lalu aku vaksin sinovac teh skrg lagi period kok walau sebenernya telat hari,1
sayangkamuwih,sinovac kok biasa,1
rinindahl,bukan gak mens sih kalo aku tapi telat sampe semingguan padahal seumur hidup mens selalu teratur,1
nanayosh1,benda takde hal pun amik pfizer ke sinovac ke kalau nyusahkan ko sorang takpe ni aku skali kena,1
neocultyr,sombong amat vaksin pertamanya pake moderna malu noh sm yg pake sinovac jaman2 vaksin berubah jd founding titan,1
tifarahayu23,anak2nya dapet sinovac mamaku mlah dapet pfizer huhhu beda kasta,1
En_Blue_Bird,acik agak2 anu dia jadi pendek tu yg ramai takut ambik vaksin acik x ambik pfizer,1
Sinovac_pick,jd adem bgt hari sabtumya,1
xnmatcha,gua pakai sinovac efeknya cuman gampang laper sama bikin ngantuk terus,1
micsuh,aku pakai sinovac sama sih ngantukan sama laperan cuma ga sebengkak demam pegel pegel dosis1 sometimes,1
__sugarrklee,lah iya baru nyadar ud bulan ga dapet selama abis vaksin sinovac,1
EnBadSejahtera,semenjak dapat vaksin isteri saya semakin sayang kepada saya antara penerima vaksin,1
vaodcca,pake apa astra kalo astra sedikit sakit kalo sinovac ga begitu,1
coffre,vaksin sinovac gak bsa jalan jalan,1
svrsav,iyaa aku habis vaksin sinovac telat mesnya teh baca baca di reply keknya juga banyak yg mengalami ya,1
Vikana_dee,adik ipar gw katanya telat dia vaksin pfizer ya udah aq bilang kmu bekam dulu aja sambil nunggu sapa tau keluar,1
assylaaa___,aku ka t t jadi setelah sinovac ke haid ku jadi ga lancar tuh trus tambah lagi vaksin ke moder,1
bayiicumi,karena sinovac efektifannya cuman,1
DamarRama1,sinovac ini wkwk,1
hadifianwidjaja,pfizer menurut penelitian,1
fistikli21,data sinovac sinopharm dan az di indonesia mana kan ini yg banyak dipakai trus zivifax belum who e,1
jaemnosense,aku juga harusnya mens tanggal kemarin teh tp sampe skrg belum aku vaksin sinovac ke dua tanggal,1
ur_mrscrab,aku abis vaksin sinovac malah jadi lancar padahal biasanya rentang datangnya 4 bln,1
ShafwanHA,jenis vaksinmu besok apa sinovac,1
Wengker6,dokter pemerintah ri punya data berapa jumlah orang yg mati karena va,1
NrNomnom,kakakku habis vaksin sinovac jadi ngga teratur akupun biasanya mens suka lama 9 harian skrg jadi harian,1
uliikk_,eh iya ya baru nyadar jg kalo belum mens padahal udh tanggalnya dan brbrp hari lalu abis vaksin sinovac yg kedua,1
taejinchildern,nangis banget punya ortu knp gini banget udah jelas jelas vaksin pertama astra knp kedua nya malah disuruh sinovac,1
pilrecious,oh btw udah vaksin hpv dosis pegel suntik vaksin sinovac tidak ada apa2nya dibanding ini,1
obviousrachel,apa ini efek vaksin ya pake sinovac juga,1
QueenQuokkaa,mjb emang gitu gak sih aku telat dapet ada mingguan abis vaksin sinovac beberapa temen sama s,1
amwidyou,sinovac neeeng aku bilang kok baru lahiran sc sebulan lalu gitu tapi boleee kamu emang vaksinnya apaaa,1
candychicc,update vaksin sinovac pertama smpe skrg untuk efek sampingnya cuman jadi makin kangen sama jungwon dan yoshi,1
VirtualThumb,emang ada orang mati baru pakai helm bagian tubuh menghitam sat,1
VirtualThumb,bagian tubuh menghitam satpam smpn tangsel tewas setelah divaksin sinovac,1
astroboy5101,sinovac coronavac ya itu dari pt sinovac kerjasama sama pt biofirmi,1
Amorphophallus1,moderna paling terkenal efek moderna arm nya klo kipi yg lain rada2 kaya astrazeneca katanya,1
jey_speed,vaksin sinovac ga bisa membunuh rasa sayang ku ke km meskipun dosis ke,1
diipskyy,sinovac itu nama perusahaannya coronavac nama vaksinnya bener ga,1
iamstwn,ini dosis ke az rasa dosis sinovac ya awokwokwokwok hamdalah,1
velvetluv__,kebiasaan loro njero campur ati sinovac ra krese blass,1
kartikaDeee,iya yg sinovac perlu gak nih dosis ketiga,1
im_ojee,tetanggaku si amir juga gak mens setelah vaksin sinovac,1
ailvrophiile,aku teh juli vaksin kedua sinovac agustus ga mens trs september baru mens lagi vaksin pertama juni,1
Zharash08,itu di rep ada yg bilang az ada yg bilang sinovac,1
Normaluv_,vaksinnya apa sih aku sinovac yg cupu kali ya jd biasa aja tuh abis suntik normal2 aja gak ada perubaha,1
pudunoona,aku sinovac juga teh dan lagi ga mens juga si dah bulan cuma aku mikirnya karena emang mens,1
ThePrompTeens,enih abang astra sinovac moderna aje setuju masa lu pade kaga,1
bonsainyamjoon,kak sodii kalo ada info dosis sinovac tolong kabarin ya kak kemaren abis vaksin kena covid jd blm dosis hiks,1
AyaPamungkas,kenapa moderna ga bikin single dose vial kayak sinovac ya aku gatau sediaan punya az dll sih cuma tau sinovac dan moderna,1
qonitahasnaaa,setelah membaca replies ini sepertinya bulan lalu aku ga jadi hamil karena abis vaksin sinovac udah deg dega,1
KiMixcty,sinovac doang apa az juga sih,1
iindahsrrr,sinovac sekarang udah gaada,1
Umar_Hasibuann_,jadi kesimpulannya peraturan di inggris membolehkan orang indonesia masuk pakai vaksin sinovac ke uk dan gak perlu,1
bunnyxnyn,kok aku dengar2 katanya sinovac sakit,1
hadifianwidjaja,vaksin yg mana kalau sinovac dan sinopharm pake in activated virus covid strain nya bisa,1
T43GYU_,setauku diatas sinovac si sinovac paling rendah cmiiw trs atasnya astra adalagi macem aku lupa namanya,1
gvrlznee,samaan teh kukira karna stres sedang banyak pikiran atau karena aku jatuh tpi posisi duduk apa mungk,1
VIVAcoid,di saat sebagian orang masih enggan untuk mendapatkan vaksinasi covid 19 dosis pertama tapi ada pula warga di indo,1
ayuastriiii,aamiin bismillah ya mba paris jt an dooong aku pengen ke jepang lagi sepi turis tapi sinovac geng,1
aresst321,terus sinovac berarti vaksin ngaco aja,1
aresst321,itu sinovac vaksin isinya virus yg dilemahkan jadi halal gitu,1
syawal,sgt ingin tahu ttg kumpulan fasa ada hampir j ramai juga yg dpt sinovac,1
rkeltm__,iyaaa tapi mama aku nawarin di grup pfizeer gt ya tp karna aku uda yg sinovac x jd gabisa,1
luvyeonjunn,iyaa sinovac yg plg rendah wkwkwk,1
devimayasari50,habis vaksin d2 sinovac hawanya laper terus apakah ada yg sama atau ada yg lain di rasakan,1
hadifianwidjaja,menurut saya dosis nya kurang moderna zat aktifnya,1
ledyanafitriani,abis pake vaksin sinovac jadwal mens aku amburadul juga teh telatnya molor sekali,1
TerrorPanda,udah dua kali vaksin sinovac ga mens2 aku teh,1
binartawan,temenku gitu juga teh udah gak mens bulan setelah vaksin sinovac dikira hamil tapi setiap tes negatif mulu,1
chocochiiipps,pas nyari adanya sinovac yauda daftar yang itu,1
OrangLautCetek,sinovac pun ada kesan jugak tapi kat lelaki la,1
from94to02,nggak teh aku wktu itu sinovac kedua efeknya cuma laper mulu sama demam doang,1
aiirhujaan,aku teh ternyata efek samping sinovac ya aku telat jg ini,1
mapletearup,klo aku pada dasarnya emang suka telat mens nya tapi waktu itu kebetulan emang telat pas abis vaksin sinovac,1
hogwarxt,eh aku juga udah ga mens lama banget setelah vaksin sinovac,1
ceritatehfidy,temen temen mau nanya dong ada ga si yang abis vaksin sinovac lalu ga mens soalnya aku telat udh cukup lama bg,1
jenny_jkt,hoax kok dipercaya sih nih yang bener lebih lanjut dijelaskan pula bahw,1
bunacanti,kamu az juga apa sinovac wah udah istirahat kan abis vaksin,1
OctopussyMiss,apapun jenis vaksinnya bener nih jangan yakin gitu dong dok data di atas itu dari us,1
uyudsp,brot lu jgn cr sinovac wkwk tambah rakjel,1
MarONFilter,so since eu countries byk yg x iktiraf sinovac lagi negara mana je yg iktiraf i need to know,1
iwonhody,laaa aku yg ambik sinovac tok jadi apa la singa,1
TedHilbert,benar tapi kurang bagus daripada natural immuni,1
OpikBidin,anda itu menyatakan soal mrna dan adeno n bandi,1
dheapevensie,sinovac gk bisa wkwk,1
OpikBidin,udah liat data sinovac yg makai virus utuh,1
filtersbaby,ini kenapa sinovac ga dianggep di banyak negara yak ya walaupun blm ada rencana ke ln tp kan kek sedih aja ga dia,1
syahmishadan,nasib aku sinovac xperlu juak nak bingong tukar jadi boyak,1
Nbilhmazlan,harap sinovac jadi dinasour comel nyaa,1
gula_jowo,aku gk mas pke sinovac aku,1
shiibigwin,iya sinovac,1
eristrwbrry,kalo gitu mah kenapaa hrs ada sinovac ya,1
beikhsyk,setau aku kalau pertama astra kedua sinovac yg gabisa sistemnya nolak,1
lutfi_hambali,kalau negara lain tak terima sinovac sinopharm sputnik v meh sini new zealand terima semua,1
kelvinthefirst,kalau sudah sinovac x lalu mau booster moderna setauku bisa seperti nakes tapi untuk masyarakat um,1
bertanyarl,tanyarl aku mau nanya ada ga si yg abis vksin sinvac puyengnya lama soalnya aku udh hari puyeng dr abis,1
madnip_,tuan vaksin pengalak ni utk yg penerima vaksin jenis sinovac saja atau semua jenis vaksin,1
_hhhhaiya,vaksin yg digunakan di stasiun gubeng apa ya min karena saya vaksin dosis nya di stasiun bandung pakai sinovac,1
halfbloodhy,sinovac gur garai njarem terus ngantuk seh,1
TripZillaID,amerika serikat menerima traveler internasional dengan vaksin sinovac,1
Sinovac_pick,pentol sambal kacang yg prdessss,1
eristrwbrry,tim sinovac menangis kl disuruh booster,1
illvvinati,kalo udah vaksin sinovac boleh take vaksin moderna ga si apa perlu bayar or apa pls info dong yang tau,1
GoyangGuling,nembe mau aku vaksin sinovac,1
whalein52_,kak mauu tanyaa ini yang vaksin sinovac bener ga dibolehin ke luar negri ya ka trs kalo kasusnya ud,1
ifahabdulsalam,sing vaksin e sinovac ra usah sok keras kyo aku ngene loh astrea v,1
FatinArif,fuh nasib baik aku sinovac hahahaha,1
Nopemberainn,wkwkwkwk bukan sinovac tapi pertamax,1
alilofmyza,memang kebanyak klinik yang disenarai beri pfizer saja ke saya da call klinik di,1
arum_tw,gajadi moderna aku minta sinovac,1
miayambaks,sinovac udah x semoga ga kena covid lg tpi skrg agak ada gejala semoga bukan covid,1
hadifianwidjaja,memang kalau titer antibodi netralisasi nab dari pe,1
majoritionline,kajian menunjukkan dos penggalak beri manfaat bersediakah anda,1
TedHilbert,sinovac terhadap varian delta sangat rendah ha,1
hadifianwidjaja,nah anda mulai bergeser ke pengelompokkan vaksin met,1
sunnietoday,min vaksinasi dosis sinovac masih bisa jam segini di kampus isbi,1
Candra_Dewan,sinovac marai pegel dan ngantuk wkwkwwk,1
AlongOfficiaI,aku harap sangat dengan sinovac boleh tukar jadi naga,1
rmcferisc,ini sinovac tp wow juga ya efeknya,1
ki55eu,rajin kontrol ke dokter ga kakek aku juga punya riwayat penyakit jantung pernah kena covied juga tap,1
Agra3479,setelah vaksin satu dosis sinovac made in chinazi aja penyakit depresi sama gangguan tidur lama gw kambuh lagi,1
jaemcityxhokii,sinovac atau apa sa,1
bubblesnjm,sinovac anjir ini gua beneran mabok deh,1
slemj222,asline aku ki nde kekuatan koyo ultramen tapi bar di vaksin sinovac ke kekuatanku ilang kabeh,1
deisixkke,iyaa gue lupa lu sinovac ya jd cepet,1
Bayouiraone1,terus yg udh vaksin sinovac hrs vaksin ulang donk ya hihihihi,1
Muhhaidarali,vaksin lengkap selain sinovac,1
ANSI_421,surabaya dan sekitarnya yang mau vaksin dosis atau astra zeneca amp sinovac monggo daftar mumpung masih banya,1
Sinovac_pick,ya kan emg udh folkow ya mak jd y nambahnya fkit,1
jemie_neam,sinovac ne e sa mpone ke fa e reng nopa ya teng luckily ne ke le shapo,1
ainanisyaa,sinovac tukar jadi paus,1
ngatauahcape,gue ngga kenapa2 sih abis dosis sinovac cmn ngantuk doang,1
PakYeopkidey,korang ni sinovac la pfizer lah korang xrisau ke agung xdpt ape vaksin pun lagi,1
taejinxsuga,iya pak sinovac,1
Kidjeonx,gua sinovac untungnya ga papa temen gua yg moderna dikasi paracetamol gua kira dikasi bubur kacan,1
parisfyy,jarumnyaa kecil kan kei vaksin sinovac deh kayanya soalnya belum tau juga,1
mbahndi,dia tahu dari mana sudah suntik sinovac atau yang lain dok kalau dari berlin naik kereta bisa gak d,1
sitacloverffein,kamu vaksin apa sinovac atau astrazeneca klo sinovac gak berasa sih kata temen2ku kalo astrazeneca vaks,1
sfararo,baru balik dari mahabbaten travel ustaz don info terkini kerajaan arab saudi menetapkan sesiapa yang dapat vaksin,1
midnight_blue15,semalam dah amik booster astrazeneca di bangkok thailand lepas bulan setengah lengkap dos sinovac di bangkok,1
dheajln,sinovac ga di akui juga di paris wkwkwkwk,1
syafiqroselim_,sinovac orng kata jadi anjir,1
InderaNordin,yg dapat sinovac boleh tak pilih booster pfizer as per req by saudi to perform umrah,1
jesta_shezzar,mungkin karena teknik pembuatannya sama mrna kalau sinovac amp az kan pembuatannya masih old school,1
DrSLSimonSpKK,besok ke belanda nengokin adik tapi teman2 lain ke swiss tadinya mau ke berlin eh vaksin sinovac ga diaku,1
jijucityx_dee40,meski dos dn nya pke vaksin selain sinovac jg,1
transbjn,gandeng kepala dusun iv dan forum kujang polsek bojonggede gelar vaksinasi sinovac dosis ke2,1
AffiqKimiLer,nasib baik amik sinovac,1
ntoneztu,bagiku vaksin ini punya efek mantep loh jadi bojoku setelah positif covid pada oktober batuknya,1
eyesofvogue,hocam sinovac mi mrnalar mi,1
shominooki,bisa sih sinovac tapi mau sama kaya keluarga pada pfizer semuaa trus kalo suatu saat mau ke luar bakal susah kalo sinovac,1
PonjongPolsek,ayo segera vaksin gerai vaksinasi presisi membuka pelayanan vaksinasi merdeka pelaksanaan hari,1
seocangbeans,kalo sinovac gabisa kah apa ini vaksin kedua,1
VIVAcoid,sinovac tak diakui para wni ke luar negeri untuk vaksin lagi,1
SuaraWargaSkh,min mau tanya vaksin dosis sinovac area grogol kapan ya,1
baankatta,alhamdullilah sinovac x lah buaya,1
Fasekehidupan,aku nder dan sinovac,1
sheissals,itu vaksin nya apa kak kalo aku sinovac sih,1
rmcferisc,aku sinovac sih,1
KacangIjo97,sinovac kebanyakan nderr,1
jesta_shezzar,guyonan koncoku sama doktersinovac lemah kurang maremastrazeneca potensi blood clotmoderna or pfizer pote,1
triranie_,sinovac ngga ada apanya ya ga sih wkwk,1
wahidasuhaimi,pehhh nasib baik laki aku sinovac,1
pwettyarsi,anjir bntr lagi aku dosis sinovac jgn nakutin dongg,1
januseja,sekarang nyari sinovac sulit ya,1
polcantik,yaiyalah gak terdaftar kan french open gamau klo yg vaksinnya sinovac wkwk,1
DreamersRadioID,super junior th debut anniversary b16 inspiration vaksin sinovac dosis amp 2registrasi,1
sayawinner,sinovac deh kalo gasalah,1
dodon_jerry,hal tersebut dilakukan sebagai proteksi tambahan khususnya dalam mencegah penularan covid 19 varian delta selain,1
fuckingkartybae,sinovac ni nak jadi kamen rider pun tak lepas,1
Krunkies,lah sinovac masih ada mau vaksin kedua sinovac susah banget carinya,1
Salimbado9,wah mantabaku sinovac x ditutup dg moderna x sinovac aman2 saja pas moderna lenganku bengkak,1
LKalung,patut ada yg kata kalau ambik pfizer atau sinovac anu boleh besar dan panjang tambah 3 inci aduhhhh,1
Altheea_Rose,kiwil nih salah vaksin mungkin yg lain pd pake vaksin pfizer sinovac dia pake vaksin rabies,1
Sinovac_pick,kim brliin ante oleh2 ya,1
callmetimo,yang divaksin sinovac menangis membaca tweet ini,1
afnanlambesist,vaksin dosis az suruh nyari sendiri ini gimana ceritanya ya ke tempat gue vaksin pertama disuruh ke puskesmas,1
Sinovac_pick,selamat,1
Sinovac_pick,pagi mak,1
Sinovac_pick,semoga pagi ini kak chita mention saya,1
Sinovac_pick,semoga ada unameku pagi inuli,1
eradotid,vaksinnya dicampur,1
Maduraexposene1,disuntik vaksin covid 19 campuran sinovac dan astrazeneca seorang pria thailand alami pendarahan otak hingga menin,1
illyyttaet,kalo mo nonton konser di luar negeri udh lngsung di cempal dong ka yg vaksin sinovac wkwk,1
aliawhooo,nasib baik icam amik sinovac wkwkwwkwkwk,1
iwantjoon,ditolak al dibanyak negara jadi yg vaksinnya sinovac tuh kyk gak vaksin wkwk,1
mrzack82,sinovac jadi dragon kalau tak salah,1
mhiiechummy,prasaan dlu sinovac jarak antara vaksin dan skitar mingguan ya skrg kog ampir sebulan apa sdh berubah skrg,1
pngfess,lur vaksin sinovac neng iain saiki sepi opo rame lur,1
aiamDeen,sial lah asal lah aku dapat sinovac kalau tahu boleh bertukar jadi buaya aku minta pfizer,1
zehanilyana,kalau sinovac jadi kelawar ke,1
MaduraExpose,disuntik vaksin covid 19 campuran sinovac dan astrazeneca seorang pria thailand alami pendarahan otak hingga menin,1
Mawaddd_,so kalau pfizer dengan astrazeneca nak pergi umrah kena cukup dos vaksin je tapi kalau sinovac kena cukup dos,1
waymlyn,gue astraganesca efeknya belih parah dari sinovac,1
arfngger,jangan lupa suntik vaksin sinovac untuk kemajuan rrc,1
kidselfs,minta doanya buat besok mau vaksin sinovac rasa coco pandan,1
Sinovac_pick,malamtwet ori lewat dulu,1
hera_wr,mesakke sek vaksin sinovac demit e raiso melu halloween,1
lampu_kamarku,malem jumat demit2 jin setan lagi antri vaksin sinovac,1
jogmfs,malem jumat ngene jin setan lan demit lagi antri meh vaksin sinovac kali ya jog,1
Krishae_edm,mending sinovac efeknya cuma pegel,1
Sinovac_pick,aktif notifikaai,1
coromodol,cetak kartu vaksin yg moderna k pfizer k sinovac goceng,1
Kmoagi1,jnj ke ya batho ba ba weigheing bo kg yana lona dilender le tla re golega mme le gale sinovac e teng,1
caibimng,asteria siapanya astra sama sinovac,1
rifqiimuh,sing ke njajal sinovac opo jhonson ae za,1
akusubak,sinovac lo isinya apaan sih kok gue laper mulu,1
aminadiahhh,nak tengok movie cari je eng s popcornnewborn g rm biggie g rm limited box rm50 stra,1
Ree241288,adik beradik sinovac gak dari china mmg offer kat swasta je kat mysejahtera ade je sinoph,1
juno_tama,perasaan bar disuntik vaksin sinovac hawane kepising2 terus,1